{
    "value0": {
        "T_imu_cam": [
            {
                "px": 0.0,
                "py": 0.0,
                "pz": 0.0,
                "qw": 1.0,
                "qx": 0.0,
                "qy": 0.0,
                "qz": 0.0
            },
            {
                "px": 0.060624815369745025,
                "py": 0.0016575301878579904,
                "pz": 0.00021736282280523938,
                "qw": 0.9999954728531122,
                "qx": -0.001679989103964767,
                "qy": 0.0012604532268248368,
                "qz": 0.002154801047496618
            }
        ],
        "accel_bias_std": [
            0.001,
            0.001,
            0.001
        ],
        "accel_noise_std": [
            0.016,
            0.016,
            0.016
        ],
        "calib_accel_bias": [
            0.0,
            0.0,
            0.0,
            0.0,
            0.0,
            0.0,
            0.0,
            0.0,
            0.0
        ],
        "calib_gyro_bias": [
            0.0,
            0.0,
            0.0,
            0.0,
            0.0,
            0.0,
            0.0,
            0.0,
            0.0,
            0.0,
            0.0,
            0.0
        ],
        "cam_time_offset_ns": 0,
        "gyro_bias_std": [
            0.0001,
            0.0001,
            0.0001
        ],
        "gyro_noise_std": [
            0.000282,
            0.000282,
            0.000282
        ],
        "imu_update_rate": 200.0,
        "intrinsics": [
            {
                "camera_type": "ds",
                "intrinsics": {
                    "alpha": 0.5689911996548944,
                    "cx": 321.00382658344876,
                    "cy": 234.1576043122694,
                    "fx": 165.76637275878036,
                    "fy": 165.71015238192652,
                    "xi": -0.2579255273698916
                }
            },
            {
                "camera_type": "ds",
                "intrinsics": {
                    "alpha": 0.559742644148274,
                    "cx": 319.151034363402,
                    "cy": 237.9476540909075,
                    "fx": 157.7678232654952,
                    "fy": 157.8260551016925,
                    "xi": -0.2892894123991225
                }
            }
        ],
        "resolution": [
            [
                640,
                480
            ],
            [
                640,
                480
            ]
        ],
        "vignette": []
    }
}