{
    "value0": {
        "//": "左目-右目",
        "T_imu_cam": [
            {
                "px": 0,
                "py": 0,
                "pz": 0,
                "qx": 0,
                "qy": 0,
                "qz": 0,
                "qw": 1.0
            },
            {    
                "px": 0.035003644930343157105,
                "py": 0,
                "pz": 0,
                "qx": 0,
                "qy": 0,
                "qz": 0,
                "qw": 1
                

            }
        ],
        "intrinsics": [
            {
                "camera_type": "pinhole",
                "intrinsics": {
                    "fx": 288.83312539672874664,
                    "fy": 288.83312539672874664,
                    "cx": 242.85807418823242188,
                    "cy": 159.58632087707519531
                }
            },
            {
                "camera_type": "pinhole",
                "intrinsics": {
                    "fx": 288.83312539672874664,
                    "fy": 288.83312539672874664,
                    "cx": 242.85807418823242188,
                    "cy": 159.58632087707519531
                }
            }
        ],
        "resolution": [
            [
                480,
                320
            ],
            [
                480,
                320
            ]
        ],
        "vignette": [],
        "calib_accel_bias": [
            0.0,
            0.0,
            0.0,
            0.0,
            0.0,
            0.0,
            0.0,
            0.0,
            0.0
        ],
        "calib_gyro_bias": [
            0.0,
            0.0,
            0.0,
            0.0,
            0.0,
            0.0,
            0.0,
            0.0,
            0.0,
            0.0,
            0.0,
            0.0
        ],
        "imu_update_rate": 0.0,
        "accel_noise_std": [
            0.0,
            0.0,
            0.0
        ],
        "gyro_noise_std": [
            0.0,
            0.0,
            0.0
        ],
        "accel_bias_std": [
            0.0,
            0.0,
            0.0
        ],
        "gyro_bias_std": [
            0.0,
            0.0,
            0.0
        ],
        "cam_time_offset_ns": 0
    }
}




